step,arm,variant,step,arm,row_type,length,sample_count,designable_count,designability_rate,mean_plddt,ca_rmsd_median_a,atom14_sym_median_a,rmsd_lt_2_rate,plddt_gt_80_rate,mean_atom14_sym_a,source
450000,r1_z3_b0p01_c0p125,constant_k3,aggregate,all,224,114,0.5089285714285714,79.24793685166127,1.3359884541647138,1.6964835525165283,0.6517857142857143,0.5892857142857143,5.110045634468766,panel_summary+all_atom_summary
450000,r1_z3_b0p01_c0p125,constant_k3,cell,64,32,23,0.71875,84.18458966852053,0.6247537987135217,1.0383117491831668,0.875,0.78125,1.4806547885574886,panel_summary+all_atom_summary
450000,r1_z3_b0p01_c0p125,constant_k3,cell,96,32,23,0.71875,81.41862751004227,0.8604565923063432,1.1982996339543828,0.875,0.71875,1.9439885886084496,panel_summary+all_atom_summary
450000,r1_z3_b0p01_c0p125,constant_k3,cell,128,32,18,0.5625,76.6839194409294,1.3132536889114759,1.5724312838630579,0.8125,0.5625,2.7057712387143744,panel_summary+all_atom_summary
450000,r1_z3_b0p01_c0p125,constant_k3,cell,160,32,15,0.46875,79.57295792426416,1.2362071159115648,1.5000112366120044,0.75,0.53125,5.647684040768922,panel_summary+all_atom_summary
450000,r1_z3_b0p01_c0p125,constant_k3,cell,192,32,16,0.5,80.80217499427783,1.7105193249198647,1.859251423386241,0.5625,0.5625,5.1619092824626085,panel_summary+all_atom_summary
450000,r1_z3_b0p01_c0p125,constant_k3,cell,224,32,14,0.4375,77.4107555298381,2.014863502914382,2.2547551396591743,0.5,0.53125,7.930100121409882,panel_summary+all_atom_summary
450000,r1_z3_b0p01_c0p125,constant_k3,cell,256,32,5,0.15625,74.66253289375655,3.7679934387006897,3.9411471150300343,0.1875,0.4375,10.900211380759634,panel_summary+all_atom_summary
450000,r0_z3_b0p3_c0p125,constant_k3,aggregate,all,224,96,0.42857142857142855,75.00108500813396,1.5683696640740052,1.8636780452773496,0.6026785714285714,0.49107142857142855,4.480987837962954,panel_summary+all_atom_summary
450000,r0_z3_b0p3_c0p125,constant_k3,cell,64,32,25,0.78125,84.5565301764452,0.640100006009785,1.1473438905907538,0.9375,0.8125,1.335507151338926,panel_summary+all_atom_summary
450000,r0_z3_b0p3_c0p125,constant_k3,cell,96,32,21,0.65625,81.97335892242036,0.7976653851198805,1.2397705698719874,0.96875,0.65625,1.314438965984948,panel_summary+all_atom_summary
450000,r0_z3_b0p3_c0p125,constant_k3,cell,128,32,19,0.59375,77.83215317121956,1.102699546216278,1.5118587981142197,0.84375,0.59375,2.1514466081045303,panel_summary+all_atom_summary
450000,r0_z3_b0p3_c0p125,constant_k3,cell,160,32,9,0.28125,72.7058824708839,1.7387154873378514,2.04311025091116,0.5625,0.375,6.097981799169282,panel_summary+all_atom_summary
450000,r0_z3_b0p3_c0p125,constant_k3,cell,192,32,9,0.28125,68.96293220627622,3.320684263923029,4.594568855551167,0.375,0.375,7.228409610842757,panel_summary+all_atom_summary
450000,r0_z3_b0p3_c0p125,constant_k3,cell,224,32,8,0.25,67.05044855607625,4.1856277944141596,5.9716143671875415,0.28125,0.3125,7.756024027552369,panel_summary+all_atom_summary
450000,r0_z3_b0p3_c0p125,constant_k3,cell,256,32,5,0.15625,71.92628955361626,3.234605805054761,3.3827023822590165,0.25,0.3125,5.483106702747865,panel_summary+all_atom_summary
450000,r1_z4_b0p03_c0p25,constant_k3,aggregate,all,224,93,0.41517857142857145,73.32925773847403,1.5438361931859372,1.8443411558167435,0.59375,0.48214285714285715,8.055628311722952,panel_summary+all_atom_summary
450000,r1_z4_b0p03_c0p25,constant_k3,cell,64,32,23,0.71875,83.48221080680169,0.7458018839223508,1.1214031065628802,0.96875,0.75,1.3121105996504634,panel_summary+all_atom_summary
450000,r1_z4_b0p03_c0p25,constant_k3,cell,96,32,17,0.53125,80.06767585469512,0.7545547243860455,1.138112972074052,0.84375,0.53125,2.6528768974327117,panel_summary+all_atom_summary
450000,r1_z4_b0p03_c0p25,constant_k3,cell,128,32,18,0.5625,78.93251678667308,1.1953364324035411,1.5021197843029448,0.8125,0.59375,1.9706570616447037,panel_summary+all_atom_summary
450000,r1_z4_b0p03_c0p25,constant_k3,cell,160,32,18,0.5625,79.89210182090777,1.2856087903254911,1.621524653315407,0.6875,0.59375,1.9833186830999932,panel_summary+all_atom_summary
450000,r1_z4_b0p03_c0p25,constant_k3,cell,192,32,11,0.34375,71.82337087574311,2.061478048221031,2.3492461174163592,0.46875,0.5,7.288152708873822,panel_summary+all_atom_summary
450000,r1_z4_b0p03_c0p25,constant_k3,cell,224,32,4,0.125,57.03621719035538,11.627400311106328,12.359860153001142,0.1875,0.1875,20.69776115326672,panel_summary+all_atom_summary
450000,r1_z4_b0p03_c0p25,constant_k3,cell,256,32,2,0.0625,62.07071083414206,6.424044120043794,6.708415601153289,0.1875,0.21875,20.484521078092257,panel_summary+all_atom_summary
450000,r2_z2_b0p1_c0p125,constant_k3,aggregate,all,224,70,0.3125,69.31379414859973,2.2965563435047707,2.7730502557019285,0.45982142857142855,0.3705357142857143,5.0563984586380215,panel_summary+all_atom_summary
450000,r2_z2_b0p1_c0p125,constant_k3,cell,64,32,24,0.75,84.7912076187588,0.7372004293047105,1.2805281638185326,0.96875,0.78125,1.3557797227837125,panel_summary+all_atom_summary
450000,r2_z2_b0p1_c0p125,constant_k3,cell,96,32,18,0.5625,78.91653736913791,1.1235813939229806,1.6009407413621575,0.8125,0.59375,2.5988162636092467,panel_summary+all_atom_summary
450000,r2_z2_b0p1_c0p125,constant_k3,cell,128,32,8,0.25,62.71589720959812,2.2326430771918035,2.581251103032539,0.46875,0.28125,5.784726627596571,panel_summary+all_atom_summary
450000,r2_z2_b0p1_c0p125,constant_k3,cell,160,32,4,0.125,62.56272911701579,4.024627580530111,6.053315066368992,0.3125,0.125,6.2237177716793415,panel_summary+all_atom_summary
450000,r2_z2_b0p1_c0p125,constant_k3,cell,192,32,9,0.28125,66.97020388509354,3.9023792826029933,4.40651591599657,0.34375,0.34375,5.888194143135987,panel_summary+all_atom_summary
450000,r2_z2_b0p1_c0p125,constant_k3,cell,224,32,5,0.15625,62.412727582866665,4.043377447166799,5.049655475569713,0.21875,0.21875,6.699998639926191,panel_summary+all_atom_summary
450000,r2_z2_b0p1_c0p125,constant_k3,cell,256,32,2,0.0625,66.82725625772726,4.455259820883176,5.939235619301222,0.09375,0.25,6.8435560417351,panel_summary+all_atom_summary
