checkpoint,arm,n,mean_plddt_unmasked,frac_ge80,frac_ge85,frac_ge90
50000,r0_large_z4_b0p01_c0p25,96,68.957,0.094,0,0
50000,r0_large_z8_b0p01_c0p125,96,62.976,0.010,0,0
50000,r0_z3_b0p03_c0p5,96,68.885,0.083,0,0
50000,r2_z4_b0p03_c0p25,96,68.660,0.062,0,0
100000,r0_large_z8_b0p01_c0p125,96,66.549,0.042,0,0
100000,r1_z2_b0p3_c0p25,96,68.429,0.104,0,0
100000,r2_z2_b0p1_c0p125,96,69.405,0.115,0,0
150000,r0_z2_b0p1_c0,96,68.866,0.104,0,0
150000,r1_z3_b0p01_c0p125,96,69.471,0.115,0,0
150000,r2_z2_b0p1_c0p125,96,66.744,0.073,0,0
150000,r2_z4_b0p03_c0p25,96,69.015,0.073,0,0
200000,r0_large_z8_b0p01_c0p125,96,63.509,0.021,0,0
200000,r0_z3_b0p3_c0p125,96,57.431,0,0,0
250000,r0_z3_b0p3_c0p125,96,57.862,0.010,0,0
300000,r1_z2_b0p3_c0p25,96,62.854,0.104,0,0
300000,r1_z3_b0p01_c0p125,96,61.177,0.021,0,0
300000,r2_z2_b0p1_c0p125,92,60.714,0.011,0,0
400000,r0_z5_b0p03_c0,96,59.885,0.052,0,0
