summary_file,step,arm,variant,length,sample_count,designable_count,designability_rate,mean_ca_rmsd_a,median_ca_rmsd_a,mean_plddt,rmsd_lt_2_rate,plddt_gt_80_rate,mean_residue_indexed_tm_score
atom4-latent-selected4-500k/49b037f10a9916b6f8ad8bfc1da07928ff47411f/esmfold/step0250000/r1_z3_b0p01_c0p125/panel_summary.json,250000,r1_z3_b0p01_c0p125,aggregate,,96,46,0.4791666666666667,1.655158563342141,1.0881037849707893,77.70617485188585,0.78125,0.4791666666666667,0.8749506087592117
atom4-latent-selected4-500k/49b037f10a9916b6f8ad8bfc1da07928ff47411f/esmfold/step0250000/r1_z3_b0p01_c0p125/panel_summary.json,250000,r1_z3_b0p01_c0p125,r1_z3_b0p01_c0p125__constant_k3,64,32,25,0.78125,0.7912102191466555,0.7649238816620024,82.97232151881536,1.0,0.78125,0.9288560403091233
atom4-latent-selected4-500k/49b037f10a9916b6f8ad8bfc1da07928ff47411f/esmfold/step0250000/r1_z3_b0p01_c0p125/panel_summary.json,250000,r1_z3_b0p01_c0p125,r1_z3_b0p01_c0p125__constant_k3,96,32,13,0.40625,1.4896179503454974,1.1240809085731254,77.98271834697567,0.78125,0.40625,0.8802992109495584
atom4-latent-selected4-500k/49b037f10a9916b6f8ad8bfc1da07928ff47411f/esmfold/step0250000/r1_z3_b0p01_c0p125/panel_summary.json,250000,r1_z3_b0p01_c0p125,r1_z3_b0p01_c0p125__constant_k3,128,32,8,0.25,2.684647520534271,1.6543744297503702,72.16348468986651,0.5625,0.25,0.8156965750189531
atom4-latent-selected4-500k/49b037f10a9916b6f8ad8bfc1da07928ff47411f/esmfold/step0250000/r1_z4_b0p03_c0p25/panel_summary.json,250000,r1_z4_b0p03_c0p25,aggregate,,96,42,0.4375,2.0484042477544757,1.223731538173363,78.84174173525251,0.7708333333333334,0.5208333333333334,0.8633010225697105
atom4-latent-selected4-500k/49b037f10a9916b6f8ad8bfc1da07928ff47411f/esmfold/step0250000/r1_z4_b0p03_c0p25/panel_summary.json,250000,r1_z4_b0p03_c0p25,r1_z4_b0p03_c0p25__constant_k3,64,32,21,0.65625,1.8047715537602615,0.9179314314880449,83.2979419420184,0.84375,0.78125,0.8809154573749644
atom4-latent-selected4-500k/49b037f10a9916b6f8ad8bfc1da07928ff47411f/esmfold/step0250000/r1_z4_b0p03_c0p25/panel_summary.json,250000,r1_z4_b0p03_c0p25,r1_z4_b0p03_c0p25__constant_k3,96,32,16,0.5,2.154381846240193,1.210424254695655,79.9973313477619,0.84375,0.59375,0.8530386069027135
atom4-latent-selected4-500k/49b037f10a9916b6f8ad8bfc1da07928ff47411f/esmfold/step0250000/r1_z4_b0p03_c0p25/panel_summary.json,250000,r1_z4_b0p03_c0p25,r1_z4_b0p03_c0p25__constant_k3,128,32,5,0.15625,2.186059343262974,1.574488931782881,73.22995191597725,0.625,0.1875,0.855949003431454
atom4-latent-selected4-500k/49b037f10a9916b6f8ad8bfc1da07928ff47411f/esmfold/step0250000/r2_z2_b0p1_c0p125/panel_summary.json,250000,r2_z2_b0p1_c0p125,aggregate,,96,29,0.3020833333333333,3.0889852041724395,1.3093884331949635,71.20472983358363,0.7291666666666666,0.3125,0.7832861296441228
atom4-latent-selected4-500k/49b037f10a9916b6f8ad8bfc1da07928ff47411f/esmfold/step0250000/r2_z2_b0p1_c0p125/panel_summary.json,250000,r2_z2_b0p1_c0p125,r2_z2_b0p1_c0p125__constant_k3,64,32,18,0.5625,1.016431215982098,1.0380548271487655,80.9160163068105,1.0,0.5625,0.8958595519796259
atom4-latent-selected4-500k/49b037f10a9916b6f8ad8bfc1da07928ff47411f/esmfold/step0250000/r2_z2_b0p1_c0p125/panel_summary.json,250000,r2_z2_b0p1_c0p125,r2_z2_b0p1_c0p125__constant_k3,96,32,8,0.25,2.0680818583540774,1.4328537506290253,73.1447748183194,0.84375,0.28125,0.8518170033052734
atom4-latent-selected4-500k/49b037f10a9916b6f8ad8bfc1da07928ff47411f/esmfold/step0250000/r2_z2_b0p1_c0p125/panel_summary.json,250000,r2_z2_b0p1_c0p125,r2_z2_b0p1_c0p125__constant_k3,128,32,3,0.09375,6.1824425381811405,4.896827731138508,59.553398375620986,0.34375,0.09375,0.6021818336474694
atom4-latent-selected4-500k/49b037f10a9916b6f8ad8bfc1da07928ff47411f/esmfold/step0300000/r0_z3_b0p3_c0p125/panel_summary.json,300000,r0_z3_b0p3_c0p125,aggregate,,96,48,0.5,1.528565240955522,0.9297793563377661,79.06197850015786,0.8645833333333334,0.5208333333333334,0.8931197362893636
atom4-latent-selected4-500k/49b037f10a9916b6f8ad8bfc1da07928ff47411f/esmfold/step0300000/r0_z3_b0p3_c0p125/panel_summary.json,300000,r0_z3_b0p3_c0p125,r0_z3_b0p3_c0p125__constant_k3,64,32,25,0.78125,0.8069671527168005,0.7331126745051454,84.24433078625226,1.0,0.78125,0.9292558196586167
atom4-latent-selected4-500k/49b037f10a9916b6f8ad8bfc1da07928ff47411f/esmfold/step0300000/r0_z3_b0p3_c0p125/panel_summary.json,300000,r0_z3_b0p3_c0p125,r0_z3_b0p3_c0p125__constant_k3,96,32,14,0.4375,1.5308453623523577,1.039709155791014,77.25461053406204,0.8125,0.46875,0.8877012658092414
atom4-latent-selected4-500k/49b037f10a9916b6f8ad8bfc1da07928ff47411f/esmfold/step0300000/r0_z3_b0p3_c0p125/panel_summary.json,300000,r0_z3_b0p3_c0p125,r0_z3_b0p3_c0p125__constant_k3,128,32,9,0.28125,2.2478832077974085,1.1169871060409604,75.6869941801593,0.78125,0.3125,0.8624021234002324
atom4-latent-selected4-500k/49b037f10a9916b6f8ad8bfc1da07928ff47411f/esmfold/step0300000/r1_z3_b0p01_c0p125/panel_summary.json,300000,r1_z3_b0p01_c0p125,aggregate,,96,46,0.4791666666666667,2.6736359675795804,1.0526088647555003,78.07334509930836,0.8333333333333334,0.5,0.8528326718327746
atom4-latent-selected4-500k/49b037f10a9916b6f8ad8bfc1da07928ff47411f/esmfold/step0300000/r1_z3_b0p01_c0p125/panel_summary.json,300000,r1_z3_b0p01_c0p125,r1_z3_b0p01_c0p125__constant_k3,64,32,24,0.75,0.934575200281633,0.8817129674986605,83.44803364861272,0.96875,0.78125,0.9114488153295792
atom4-latent-selected4-500k/49b037f10a9916b6f8ad8bfc1da07928ff47411f/esmfold/step0300000/r1_z3_b0p01_c0p125/panel_summary.json,300000,r1_z3_b0p01_c0p125,r1_z3_b0p01_c0p125__constant_k3,96,32,15,0.46875,1.4752349456921658,1.0364830512298169,79.59666802092724,0.9375,0.46875,0.9023813199718169
atom4-latent-selected4-500k/49b037f10a9916b6f8ad8bfc1da07928ff47411f/esmfold/step0300000/r1_z3_b0p01_c0p125/panel_summary.json,300000,r1_z3_b0p01_c0p125,r1_z3_b0p01_c0p125__constant_k3,128,32,7,0.21875,5.611097756764941,1.6395583113774876,71.17533362838512,0.59375,0.25,0.7446678801969273
atom4-latent-selected4-500k/49b037f10a9916b6f8ad8bfc1da07928ff47411f/esmfold/step0300000/r1_z4_b0p03_c0p25/panel_summary.json,300000,r1_z4_b0p03_c0p25,aggregate,,96,50,0.5208333333333334,1.6202765359141793,0.9889791809078756,80.61412071385068,0.8541666666666666,0.5729166666666666,0.8947488636227611
atom4-latent-selected4-500k/49b037f10a9916b6f8ad8bfc1da07928ff47411f/esmfold/step0300000/r1_z4_b0p03_c0p25/panel_summary.json,300000,r1_z4_b0p03_c0p25,r1_z4_b0p03_c0p25__constant_k3,64,32,22,0.6875,0.9511530570515525,0.6231157760483721,83.20101413232578,0.9375,0.71875,0.9183652101668794
atom4-latent-selected4-500k/49b037f10a9916b6f8ad8bfc1da07928ff47411f/esmfold/step0300000/r1_z4_b0p03_c0p25/panel_summary.json,300000,r1_z4_b0p03_c0p25,r1_z4_b0p03_c0p25__constant_k3,96,32,15,0.46875,2.185710316621287,1.0590161856566542,81.10493335560284,0.84375,0.5625,0.8697391775208878
atom4-latent-selected4-500k/49b037f10a9916b6f8ad8bfc1da07928ff47411f/esmfold/step0300000/r1_z4_b0p03_c0p25/panel_summary.json,300000,r1_z4_b0p03_c0p25,r1_z4_b0p03_c0p25__constant_k3,128,32,13,0.40625,1.7239662340696993,1.2230435654206824,77.53641465362342,0.78125,0.4375,0.8961422031805161
atom4-latent-selected4-500k/49b037f10a9916b6f8ad8bfc1da07928ff47411f/esmfold/step0300000/r2_z2_b0p1_c0p125/panel_summary.json,300000,r2_z2_b0p1_c0p125,aggregate,,96,27,0.28125,2.874711725892496,1.1627961813105947,73.22575996621849,0.6979166666666666,0.3333333333333333,0.7857233866816892
atom4-latent-selected4-500k/49b037f10a9916b6f8ad8bfc1da07928ff47411f/esmfold/step0300000/r2_z2_b0p1_c0p125/panel_summary.json,300000,r2_z2_b0p1_c0p125,r2_z2_b0p1_c0p125__constant_k3,64,32,19,0.59375,0.952703167687413,0.9052647271063714,81.03331555343999,0.96875,0.59375,0.9095506392109938
atom4-latent-selected4-500k/49b037f10a9916b6f8ad8bfc1da07928ff47411f/esmfold/step0300000/r2_z2_b0p1_c0p125/panel_summary.json,300000,r2_z2_b0p1_c0p125,r2_z2_b0p1_c0p125__constant_k3,96,32,5,0.15625,3.521974436712143,1.4502300080595538,71.19728979736163,0.71875,0.21875,0.7487187424023385
atom4-latent-selected4-500k/49b037f10a9916b6f8ad8bfc1da07928ff47411f/esmfold/step0300000/r2_z2_b0p1_c0p125/panel_summary.json,300000,r2_z2_b0p1_c0p125,r2_z2_b0p1_c0p125__constant_k3,128,32,3,0.09375,4.149457573277932,2.2875458496779606,67.44667454785382,0.40625,0.1875,0.6989007784317354
atom4-latent-selected4-500k/49b037f10a9916b6f8ad8bfc1da07928ff47411f/esmfold/step0350000/r0_z3_b0p3_c0p125/panel_summary.json,350000,r0_z3_b0p3_c0p125,aggregate,,96,51,0.53125,1.5039385224725077,1.0173503949012628,79.6356395545626,0.875,0.5520833333333334,0.8999856585506949
atom4-latent-selected4-500k/49b037f10a9916b6f8ad8bfc1da07928ff47411f/esmfold/step0350000/r0_z3_b0p3_c0p125/panel_summary.json,350000,r0_z3_b0p3_c0p125,r0_z3_b0p3_c0p125__constant_k3,64,32,26,0.8125,0.7945549104442944,0.686176574862537,84.08452244705114,1.0,0.8125,0.927674683749728
atom4-latent-selected4-500k/49b037f10a9916b6f8ad8bfc1da07928ff47411f/esmfold/step0350000/r0_z3_b0p3_c0p125/panel_summary.json,350000,r0_z3_b0p3_c0p125,r0_z3_b0p3_c0p125__constant_k3,96,32,17,0.53125,1.1418861387423616,1.012398244423002,79.99386727475695,0.9375,0.53125,0.9229498324834052
atom4-latent-selected4-500k/49b037f10a9916b6f8ad8bfc1da07928ff47411f/esmfold/step0350000/r0_z3_b0p3_c0p125/panel_summary.json,350000,r0_z3_b0p3_c0p125,r0_z3_b0p3_c0p125__constant_k3,128,32,8,0.25,2.575374518230868,1.4427359406719482,74.8285289418797,0.6875,0.3125,0.8493324594189513
atom4-latent-selected4-500k/49b037f10a9916b6f8ad8bfc1da07928ff47411f/esmfold/step0350000/r1_z3_b0p01_c0p125/panel_summary.json,350000,r1_z3_b0p01_c0p125,aggregate,,96,52,0.5416666666666666,1.8289597819923031,1.1063336845829896,80.12835793175151,0.8229166666666666,0.6041666666666666,0.8769808222732083
atom4-latent-selected4-500k/49b037f10a9916b6f8ad8bfc1da07928ff47411f/esmfold/step0350000/r1_z3_b0p01_c0p125/panel_summary.json,350000,r1_z3_b0p01_c0p125,r1_z3_b0p01_c0p125__constant_k3,64,32,29,0.90625,0.7986898282699433,0.7542381944456322,84.72482654245937,0.96875,0.9375,0.9420023448714094
atom4-latent-selected4-500k/49b037f10a9916b6f8ad8bfc1da07928ff47411f/esmfold/step0350000/r1_z3_b0p01_c0p125/panel_summary.json,350000,r1_z3_b0p01_c0p125,r1_z3_b0p01_c0p125__constant_k3,96,32,17,0.53125,1.8671677793065722,1.2707731525843822,80.82304566292675,0.78125,0.59375,0.8773830813827757
atom4-latent-selected4-500k/49b037f10a9916b6f8ad8bfc1da07928ff47411f/esmfold/step0350000/r1_z3_b0p01_c0p125/panel_summary.json,350000,r1_z3_b0p01_c0p125,r1_z3_b0p01_c0p125__constant_k3,128,32,6,0.1875,2.8210217384003946,1.446302756429057,74.83720158986839,0.71875,0.28125,0.8115570405654401
atom4-latent-selected4-500k/49b037f10a9916b6f8ad8bfc1da07928ff47411f/esmfold/step0350000/r1_z4_b0p03_c0p25/panel_summary.json,350000,r1_z4_b0p03_c0p25,aggregate,,96,60,0.625,1.6460454696448628,1.0410428464561652,81.11358165665992,0.8333333333333334,0.65625,0.8906982108378916
atom4-latent-selected4-500k/49b037f10a9916b6f8ad8bfc1da07928ff47411f/esmfold/step0350000/r1_z4_b0p03_c0p25/panel_summary.json,350000,r1_z4_b0p03_c0p25,r1_z4_b0p03_c0p25__constant_k3,64,32,26,0.8125,0.8219666317788163,0.6678041224147349,84.47859186882276,0.90625,0.8125,0.9244865997669804
atom4-latent-selected4-500k/49b037f10a9916b6f8ad8bfc1da07928ff47411f/esmfold/step0350000/r1_z4_b0p03_c0p25/panel_summary.json,350000,r1_z4_b0p03_c0p25,r1_z4_b0p03_c0p25__constant_k3,96,32,21,0.65625,1.8416579658088856,0.919946610125028,81.72974168757136,0.90625,0.6875,0.8948888117667967
atom4-latent-selected4-500k/49b037f10a9916b6f8ad8bfc1da07928ff47411f/esmfold/step0350000/r1_z4_b0p03_c0p25/panel_summary.json,350000,r1_z4_b0p03_c0p25,r1_z4_b0p03_c0p25__constant_k3,128,32,13,0.40625,2.2745118113468865,1.5077429328563579,77.13241141358566,0.6875,0.46875,0.8527192209798979
atom4-latent-selected4-500k/49b037f10a9916b6f8ad8bfc1da07928ff47411f/esmfold/step0350000/r2_z2_b0p1_c0p125/panel_summary.json,350000,r2_z2_b0p1_c0p125,aggregate,,96,45,0.46875,3.0217819985008787,1.1661269829859529,76.36756007557615,0.7291666666666666,0.4895833333333333,0.7803482445840952
atom4-latent-selected4-500k/49b037f10a9916b6f8ad8bfc1da07928ff47411f/esmfold/step0350000/r2_z2_b0p1_c0p125/panel_summary.json,350000,r2_z2_b0p1_c0p125,r2_z2_b0p1_c0p125__constant_k3,64,32,28,0.875,0.9167954631020647,0.8670180946182412,84.26933537844675,1.0,0.875,0.9133603380350976
atom4-latent-selected4-500k/49b037f10a9916b6f8ad8bfc1da07928ff47411f/esmfold/step0350000/r2_z2_b0p1_c0p125/panel_summary.json,350000,r2_z2_b0p1_c0p125,r2_z2_b0p1_c0p125__constant_k3,96,32,13,0.40625,2.2078083918629443,1.110949830798582,76.89325771206475,0.78125,0.4375,0.8285152026043543
atom4-latent-selected4-500k/49b037f10a9916b6f8ad8bfc1da07928ff47411f/esmfold/step0350000/r2_z2_b0p1_c0p125/panel_summary.json,350000,r2_z2_b0p1_c0p125,r2_z2_b0p1_c0p125__constant_k3,128,32,4,0.125,5.940742140537626,4.598863631140578,67.94008713621696,0.40625,0.15625,0.5991691931128335
atom4-latent-selected4-500k/49b037f10a9916b6f8ad8bfc1da07928ff47411f/esmfold/step0400000/r0_z3_b0p3_c0p125/panel_summary.json,400000,r0_z3_b0p3_c0p125,aggregate,,96,52,0.5416666666666666,1.5761527202732404,0.9780950829380272,79.99516470049782,0.84375,0.5625,0.8879382384592486
atom4-latent-selected4-500k/49b037f10a9916b6f8ad8bfc1da07928ff47411f/esmfold/step0400000/r0_z3_b0p3_c0p125/panel_summary.json,400000,r0_z3_b0p3_c0p125,r0_z3_b0p3_c0p125__constant_k3,64,32,22,0.6875,1.3802496215835858,0.732932375639768,82.95540487804598,0.875,0.71875,0.8784163528854084
atom4-latent-selected4-500k/49b037f10a9916b6f8ad8bfc1da07928ff47411f/esmfold/step0400000/r0_z3_b0p3_c0p125/panel_summary.json,400000,r0_z3_b0p3_c0p125,r0_z3_b0p3_c0p125__constant_k3,96,32,20,0.625,1.3644806902519502,0.9977617185038072,81.38624470462095,0.90625,0.625,0.9060642389867273
atom4-latent-selected4-500k/49b037f10a9916b6f8ad8bfc1da07928ff47411f/esmfold/step0400000/r0_z3_b0p3_c0p125/panel_summary.json,400000,r0_z3_b0p3_c0p125,r0_z3_b0p3_c0p125__constant_k3,128,32,10,0.3125,1.9837278489841852,1.3495773134652425,75.64384451882651,0.75,0.34375,0.8793341235056097
atom4-latent-selected4-500k/49b037f10a9916b6f8ad8bfc1da07928ff47411f/esmfold/step0400000/r1_z3_b0p01_c0p125/panel_summary.json,400000,r1_z3_b0p01_c0p125,aggregate,,96,62,0.6458333333333334,1.3054298905869999,0.9840892421612342,81.11814124243826,0.8854166666666666,0.6770833333333334,0.9056561224674157
atom4-latent-selected4-500k/49b037f10a9916b6f8ad8bfc1da07928ff47411f/esmfold/step0400000/r1_z3_b0p01_c0p125/panel_summary.json,400000,r1_z3_b0p01_c0p125,r1_z3_b0p01_c0p125__constant_k3,64,32,27,0.84375,0.9625788463574931,0.7523607587414705,84.91007474880011,0.9375,0.90625,0.912287069347002
atom4-latent-selected4-500k/49b037f10a9916b6f8ad8bfc1da07928ff47411f/esmfold/step0400000/r1_z3_b0p01_c0p125/panel_summary.json,400000,r1_z3_b0p01_c0p125,r1_z3_b0p01_c0p125__constant_k3,96,32,17,0.53125,1.4335476596002756,0.9293608038847919,78.97491155251211,0.90625,0.53125,0.8948573920551558
atom4-latent-selected4-500k/49b037f10a9916b6f8ad8bfc1da07928ff47411f/esmfold/step0400000/r1_z3_b0p01_c0p125/panel_summary.json,400000,r1_z3_b0p01_c0p125,r1_z3_b0p01_c0p125__constant_k3,128,32,18,0.5625,1.5201631658032309,1.1233514859645826,79.46943742600251,0.8125,0.59375,0.9098239060000892
atom4-latent-selected4-500k/49b037f10a9916b6f8ad8bfc1da07928ff47411f/esmfold/step0400000/r1_z4_b0p03_c0p25/panel_summary.json,400000,r1_z4_b0p03_c0p25,aggregate,,96,41,0.4270833333333333,1.9560875161781546,1.0839409354455034,77.20496810760513,0.8020833333333334,0.46875,0.8660322560648067
atom4-latent-selected4-500k/49b037f10a9916b6f8ad8bfc1da07928ff47411f/esmfold/step0400000/r1_z4_b0p03_c0p25/panel_summary.json,400000,r1_z4_b0p03_c0p25,r1_z4_b0p03_c0p25__constant_k3,64,32,24,0.75,0.7915523687747057,0.6461116097334583,81.97279352701689,1.0,0.75,0.9301367849873965
atom4-latent-selected4-500k/49b037f10a9916b6f8ad8bfc1da07928ff47411f/esmfold/step0400000/r1_z4_b0p03_c0p25/panel_summary.json,400000,r1_z4_b0p03_c0p25,r1_z4_b0p03_c0p25__constant_k3,96,32,11,0.34375,2.2487844491678906,1.1041244942907145,77.06774630346871,0.875,0.40625,0.8476145807390176
atom4-latent-selected4-500k/49b037f10a9916b6f8ad8bfc1da07928ff47411f/esmfold/step0400000/r1_z4_b0p03_c0p25/panel_summary.json,400000,r1_z4_b0p03_c0p25,r1_z4_b0p03_c0p25__constant_k3,128,32,6,0.1875,2.827925730591868,1.545121334942636,72.57436449232978,0.53125,0.25,0.8203454024680059
atom4-latent-selected4-500k/49b037f10a9916b6f8ad8bfc1da07928ff47411f/esmfold/step0400000/r2_z2_b0p1_c0p125/panel_summary.json,400000,r2_z2_b0p1_c0p125,aggregate,,96,40,0.4166666666666667,2.1581243647394257,1.1815863735135792,76.3608464160794,0.8020833333333334,0.4479166666666667,0.8397397895949462
atom4-latent-selected4-500k/49b037f10a9916b6f8ad8bfc1da07928ff47411f/esmfold/step0400000/r2_z2_b0p1_c0p125/panel_summary.json,400000,r2_z2_b0p1_c0p125,r2_z2_b0p1_c0p125__constant_k3,64,32,21,0.65625,1.0262009870603848,0.8098193189891894,81.94838306873902,0.9375,0.6875,0.8971875447998543
atom4-latent-selected4-500k/49b037f10a9916b6f8ad8bfc1da07928ff47411f/esmfold/step0400000/r2_z2_b0p1_c0p125/panel_summary.json,400000,r2_z2_b0p1_c0p125,r2_z2_b0p1_c0p125__constant_k3,96,32,15,0.46875,1.695745783393965,1.1613591081038912,78.40576477148349,0.8125,0.5,0.8721741517773818
atom4-latent-selected4-500k/49b037f10a9916b6f8ad8bfc1da07928ff47411f/esmfold/step0400000/r2_z2_b0p1_c0p125/panel_summary.json,400000,r2_z2_b0p1_c0p125,r2_z2_b0p1_c0p125__constant_k3,128,32,4,0.125,3.7524263237639275,1.4774509302209187,68.72839140801565,0.65625,0.15625,0.7498576722076025
atom4-latent-selected4-500k/49b037f10a9916b6f8ad8bfc1da07928ff47411f/esmfold/step0450000/r0_z3_b0p3_c0p125/panel_summary.json,450000,r0_z3_b0p3_c0p125,aggregate,,96,56,0.5833333333333334,1.3982576109547888,1.0005863298058049,80.64049759703833,0.84375,0.6041666666666666,0.9015406858165999
atom4-latent-selected4-500k/49b037f10a9916b6f8ad8bfc1da07928ff47411f/esmfold/step0450000/r0_z3_b0p3_c0p125/panel_summary.json,450000,r0_z3_b0p3_c0p125,r0_z3_b0p3_c0p125__constant_k3,64,32,27,0.84375,0.7646600087679588,0.6253654096228238,84.586788309035,0.9375,0.84375,0.9311010310283928
atom4-latent-selected4-500k/49b037f10a9916b6f8ad8bfc1da07928ff47411f/esmfold/step0450000/r0_z3_b0p3_c0p125/panel_summary.json,450000,r0_z3_b0p3_c0p125,r0_z3_b0p3_c0p125__constant_k3,96,32,16,0.5,1.3729508089890863,0.9454816889555062,80.22965707671877,0.875,0.53125,0.8971899328258541
atom4-latent-selected4-500k/49b037f10a9916b6f8ad8bfc1da07928ff47411f/esmfold/step0450000/r0_z3_b0p3_c0p125/panel_summary.json,450000,r0_z3_b0p3_c0p125,r0_z3_b0p3_c0p125__constant_k3,128,32,13,0.40625,2.057162015107321,1.361592821182408,77.10504740536122,0.71875,0.4375,0.876331093595553
atom4-latent-selected4-500k/49b037f10a9916b6f8ad8bfc1da07928ff47411f/esmfold/step0450000/r1_z3_b0p01_c0p125/panel_summary.json,450000,r1_z3_b0p01_c0p125,aggregate,,96,60,0.625,1.9006572249272848,0.9303884254452244,80.14914089333844,0.8541666666666666,0.6458333333333334,0.8820428390893307
atom4-latent-selected4-500k/49b037f10a9916b6f8ad8bfc1da07928ff47411f/esmfold/step0450000/r1_z3_b0p01_c0p125/panel_summary.json,450000,r1_z3_b0p01_c0p125,r1_z3_b0p01_c0p125__constant_k3,64,32,29,0.90625,0.722622675086296,0.6138567831947908,85.36615472705898,1.0,0.90625,0.950287106279339
atom4-latent-selected4-500k/49b037f10a9916b6f8ad8bfc1da07928ff47411f/esmfold/step0450000/r1_z3_b0p01_c0p125/panel_summary.json,450000,r1_z3_b0p01_c0p125,r1_z3_b0p01_c0p125__constant_k3,96,32,19,0.59375,1.3686095145375368,0.9846276755593184,80.60531612728238,0.84375,0.625,0.9079880384735997
atom4-latent-selected4-500k/49b037f10a9916b6f8ad8bfc1da07928ff47411f/esmfold/step0450000/r1_z3_b0p01_c0p125/panel_summary.json,450000,r1_z3_b0p01_c0p125,r1_z3_b0p01_c0p125__constant_k3,128,32,12,0.375,3.6107394851580215,1.1634011265523783,74.47595182567396,0.71875,0.40625,0.7878533725150534
atom4-latent-selected4-500k/49b037f10a9916b6f8ad8bfc1da07928ff47411f/esmfold/step0450000/r1_z4_b0p03_c0p25/panel_summary.json,450000,r1_z4_b0p03_c0p25,aggregate,,96,56,0.5833333333333334,1.3675737691177945,0.9305232288074305,80.98094329152144,0.8854166666666666,0.625,0.9046490883863981
atom4-latent-selected4-500k/49b037f10a9916b6f8ad8bfc1da07928ff47411f/esmfold/step0450000/r1_z4_b0p03_c0p25/panel_summary.json,450000,r1_z4_b0p03_c0p25,r1_z4_b0p03_c0p25__constant_k3,64,32,29,0.90625,0.6972120780370079,0.6033112122894063,84.66009112814751,0.96875,0.90625,0.942086242461903
atom4-latent-selected4-500k/49b037f10a9916b6f8ad8bfc1da07928ff47411f/esmfold/step0450000/r1_z4_b0p03_c0p25/panel_summary.json,450000,r1_z4_b0p03_c0p25,r1_z4_b0p03_c0p25__constant_k3,96,32,14,0.4375,1.0743980008292566,0.9485082011629722,79.93218004238548,0.9375,0.4375,0.9240700974687186
atom4-latent-selected4-500k/49b037f10a9916b6f8ad8bfc1da07928ff47411f/esmfold/step0450000/r1_z4_b0p03_c0p25/panel_summary.json,450000,r1_z4_b0p03_c0p25,r1_z4_b0p03_c0p25__constant_k3,128,32,13,0.40625,2.331111228487119,1.2240900566602753,78.35055870403133,0.75,0.53125,0.8477909252285725
atom4-latent-selected4-500k/49b037f10a9916b6f8ad8bfc1da07928ff47411f/esmfold/step0450000/r2_z2_b0p1_c0p125/panel_summary.json,450000,r2_z2_b0p1_c0p125,aggregate,,96,43,0.4479166666666667,3.138071120214297,1.2748431616310691,73.15475199748631,0.7291666666666666,0.4895833333333333,0.7767532135989285
atom4-latent-selected4-500k/49b037f10a9916b6f8ad8bfc1da07928ff47411f/esmfold/step0450000/r2_z2_b0p1_c0p125/panel_summary.json,450000,r2_z2_b0p1_c0p125,r2_z2_b0p1_c0p125__constant_k3,64,32,22,0.6875,0.9672479266673232,0.7636003814070396,82.28995871767651,0.9375,0.71875,0.9134142618633738
atom4-latent-selected4-500k/49b037f10a9916b6f8ad8bfc1da07928ff47411f/esmfold/step0450000/r2_z2_b0p1_c0p125/panel_summary.json,450000,r2_z2_b0p1_c0p125,r2_z2_b0p1_c0p125__constant_k3,96,32,17,0.53125,2.3909296246963283,1.2748431616310691,76.10868586808138,0.84375,0.5625,0.8195721819369418
atom4-latent-selected4-500k/49b037f10a9916b6f8ad8bfc1da07928ff47411f/esmfold/step0450000/r2_z2_b0p1_c0p125/panel_summary.json,450000,r2_z2_b0p1_c0p125,r2_z2_b0p1_c0p125__constant_k3,128,32,4,0.125,6.056035809279239,4.128764478159564,61.06561140670107,0.40625,0.1875,0.59727319699647
atom4-latent-selected4-500k/49b037f10a9916b6f8ad8bfc1da07928ff47411f/esmfold/step0500000/r0_z3_b0p3_c0p125/panel_summary.json,500000,r0_z3_b0p3_c0p125,aggregate,,96,59,0.6145833333333334,1.4728978198927736,0.9304365307004583,80.3089198271227,0.8541666666666666,0.6458333333333334,0.8955305608802847
atom4-latent-selected4-500k/49b037f10a9916b6f8ad8bfc1da07928ff47411f/esmfold/step0500000/r0_z3_b0p3_c0p125/panel_summary.json,500000,r0_z3_b0p3_c0p125,r0_z3_b0p3_c0p125__constant_k3,64,32,29,0.90625,0.7286416008604913,0.6411380168803547,85.23607557105771,0.96875,0.9375,0.9379034904915571
atom4-latent-selected4-500k/49b037f10a9916b6f8ad8bfc1da07928ff47411f/esmfold/step0500000/r0_z3_b0p3_c0p125/panel_summary.json,500000,r0_z3_b0p3_c0p125,r0_z3_b0p3_c0p125__constant_k3,96,32,18,0.5625,1.5209101535938796,0.9646099231523582,78.80059558737732,0.8125,0.59375,0.8869363864468451
atom4-latent-selected4-500k/49b037f10a9916b6f8ad8bfc1da07928ff47411f/esmfold/step0500000/r0_z3_b0p3_c0p125/panel_summary.json,500000,r0_z3_b0p3_c0p125,r0_z3_b0p3_c0p125__constant_k3,128,32,12,0.375,2.1691417052239492,1.334939262461748,76.89008832293304,0.78125,0.40625,0.8617518057024515
atom4-latent-selected4-500k/49b037f10a9916b6f8ad8bfc1da07928ff47411f/esmfold/step0500000/r1_z3_b0p01_c0p125/panel_summary.json,500000,r1_z3_b0p01_c0p125,aggregate,,96,69,0.71875,1.3170102120118004,0.8250421507207638,82.44349393591695,0.9375,0.7291666666666666,0.9201253643457269
atom4-latent-selected4-500k/49b037f10a9916b6f8ad8bfc1da07928ff47411f/esmfold/step0500000/r1_z3_b0p01_c0p125/panel_summary.json,500000,r1_z3_b0p01_c0p125,r1_z3_b0p01_c0p125__constant_k3,64,32,29,0.90625,0.5873244462892846,0.5109068309107018,86.25035707478088,1.0,0.90625,0.954725469569047
atom4-latent-selected4-500k/49b037f10a9916b6f8ad8bfc1da07928ff47411f/esmfold/step0500000/r1_z3_b0p01_c0p125/panel_summary.json,500000,r1_z3_b0p01_c0p125,r1_z3_b0p01_c0p125__constant_k3,96,32,24,0.75,1.096684904501227,0.8762553905067614,82.98207174238959,0.9375,0.78125,0.9257699743069963
atom4-latent-selected4-500k/49b037f10a9916b6f8ad8bfc1da07928ff47411f/esmfold/step0500000/r1_z3_b0p01_c0p125/panel_summary.json,500000,r1_z3_b0p01_c0p125,r1_z3_b0p01_c0p125__constant_k3,128,32,16,0.5,2.267021285244889,1.2156606906512657,78.09805299058034,0.875,0.5,0.8798806491611371
atom4-latent-selected4-500k/49b037f10a9916b6f8ad8bfc1da07928ff47411f/esmfold/step0500000/r1_z4_b0p03_c0p25/panel_summary.json,500000,r1_z4_b0p03_c0p25,aggregate,,96,54,0.5625,1.5243705260189235,0.9856650861028411,80.2681783961052,0.84375,0.6041666666666666,0.8917986558868645
atom4-latent-selected4-500k/49b037f10a9916b6f8ad8bfc1da07928ff47411f/esmfold/step0500000/r1_z4_b0p03_c0p25/panel_summary.json,500000,r1_z4_b0p03_c0p25,r1_z4_b0p03_c0p25__constant_k3,64,32,24,0.75,0.8790346594806655,0.577557274413641,83.32892207660569,0.96875,0.75,0.925017223240279
atom4-latent-selected4-500k/49b037f10a9916b6f8ad8bfc1da07928ff47411f/esmfold/step0500000/r1_z4_b0p03_c0p25/panel_summary.json,500000,r1_z4_b0p03_c0p25,r1_z4_b0p03_c0p25__constant_k3,96,32,20,0.625,1.2522267179281197,0.9826845122387545,82.02085161489325,0.875,0.6875,0.9145982176316485
atom4-latent-selected4-500k/49b037f10a9916b6f8ad8bfc1da07928ff47411f/esmfold/step0500000/r1_z4_b0p03_c0p25/panel_summary.json,500000,r1_z4_b0p03_c0p25,r1_z4_b0p03_c0p25__constant_k3,128,32,10,0.3125,2.441850200647986,1.3189617510519263,75.45476149681664,0.6875,0.375,0.835780526788666
atom4-latent-selected4-500k/49b037f10a9916b6f8ad8bfc1da07928ff47411f/esmfold/step0500000/r2_z2_b0p1_c0p125/panel_summary.json,500000,r2_z2_b0p1_c0p125,aggregate,,96,36,0.375,3.6438335961066053,1.3609022196018759,70.97428203594384,0.59375,0.40625,0.7409670601460775
atom4-latent-selected4-500k/49b037f10a9916b6f8ad8bfc1da07928ff47411f/esmfold/step0500000/r2_z2_b0p1_c0p125/panel_summary.json,500000,r2_z2_b0p1_c0p125,r2_z2_b0p1_c0p125__constant_k3,64,32,25,0.78125,0.950972156986556,0.7728059431862555,83.53980896883067,0.9375,0.8125,0.9112263451639739
atom4-latent-selected4-500k/49b037f10a9916b6f8ad8bfc1da07928ff47411f/esmfold/step0500000/r2_z2_b0p1_c0p125/panel_summary.json,500000,r2_z2_b0p1_c0p125,r2_z2_b0p1_c0p125__constant_k3,96,32,10,0.3125,2.772445264687292,0.9662102606959526,71.2285462402782,0.71875,0.34375,0.801384808375283
atom4-latent-selected4-500k/49b037f10a9916b6f8ad8bfc1da07928ff47411f/esmfold/step0500000/r2_z2_b0p1_c0p125/panel_summary.json,500000,r2_z2_b0p1_c0p125,r2_z2_b0p1_c0p125__constant_k3,128,32,1,0.03125,7.208083366645971,7.612779617942199,58.15449089872268,0.125,0.0625,0.5102900268989756
