panel,sample_count,lengths,ca_step_bad_fraction,peptide_cis_fraction,ca_nonlocal_clash_fraction_lt_2p8,ca_nonlocal_contact_fraction_lt_8,rg_over_n_cuberoot,effective_rank,active_dimensions,blosum_spearman,entropy_bits,effective_alphabet,max_residue_fraction,unique_sequence_fraction,max_homopolymer_run
filtered350k_r0_z3_b0p03_c0p5,96,"64:32;96:32;128:32",0.000492989,0.000492989,0.00000132275,0.0620894,2.68498,2.99271,3,0.40879,3.86721,14.64807,0.14231,1.0,2.10417
selected16_150k_r1_large_z4_b0p01_c0p25,96,"64:32;96:32;128:32",0,0,0,0.0650649,2.74098,3.80106,4,0.39885,3.07832,8.67300,0.28735,1.0,3.84375
selected16_150k_r1_large_z8_b0p01_c0p125,96,"64:32;96:32;128:32",0.000273691,0.000273691,0,0.0612109,2.78195,7.79151,8,0.52056,3.59502,12.19170,0.19192,1.0,2.63542
selected16_150k_r0_large_z8_b0p01_c0p125,96,"64:32;96:32;128:32",0,0,0,0.0603920,2.78540,7.78899,8,0.53138,3.63662,12.53876,0.17150,1.0,2.57292
selected4_250k_r0_z3_b0p3_c0p125,224,"64:32;96:32;128:32;160:32;192:32;224:32;256:32",0.000459192,0.000459192,0.000000555761,0.0507202,2.89295,2.88964,3,0.28789,2.69133,6.93502,0.36795,1.0,5.15179
selected4_250k_r1_z3_b0p01_c0p125,224,"64:32;96:32;128:32;160:32;192:32;224:32;256:32",0.000363487,0.000363487,0.00000442244,0.0445123,2.92523,2.87160,3,0.45814,2.74198,7.75850,0.38288,1.0,5.21875
selected4_250k_r1_z4_b0p03_c0p25,224,"64:32;96:32;128:32;160:32;192:32;224:32;256:32",0.000413634,0.000413634,0.00000633840,0.0475785,2.83255,3.65044,4,0.58170,3.04577,8.61637,0.27266,1.0,4.00000
selected4_250k_r2_z2_b0p1_c0p125,224,"64:32;96:32;128:32;160:32;192:32;224:32;256:32",0.0000469925,0.0000469925,0,0.0492272,2.96293,1.95688,2,0.10819,2.25948,5.63781,0.44417,1.0,4.93304
scratch_50k_r1_z4_b0p03_c0p25,224,"64:32;96:32;128:32;160:32;192:32;224:32;256:32",0.0000867849,0.000133777,0.00000190612,0.0495024,2.79432,3.70479,4,0.58089,2.99811,8.28549,0.28074,1.0,3.95536
